{
  "dataset": "medium",
  "backend": "pyfixest",
  "warmup": 1,
  "repeats": 2,
  "n_rows": 1000000,
  "rss_before_bytes": 208158720,
  "peak_rss_bytes": 1538129920,
  "peak_rss_delta_bytes": 1329971200,
  "wall": {
    "wall_runs": [
      1.9175075420644134,
      2.1018913330044597
    ],
    "wall_min": 1.9175075420644134,
    "wall_mean": 2.0096994375344366,
    "wall_max": 2.1018913330044597
  },
  "coefs": {
    "x1": 0.29850086043246565,
    "x2": -0.19937658546873938
  },
  "se": {
    "x1": 0.000776853867458533,
    "x2": 0.0007762219093348511
  },
  "error": null
}