{
  "phase": "B1",
  "rust_crate_version": "0.5.0",
  "statspai_version": "1.7.1",
  "dataset": "medium",
  "n": 1000000,
  "n_repeats": 3,
  "wall_seconds": [
    0.8794356249272823,
    0.8796408749185503,
    0.881474208086729
  ],
  "wall_seconds_median": 0.8796408749185503,
  "iterations": 6,
  "converged": true,
  "gate_seconds": 0.95,
  "passes_gate": true,
  "speedup_vs_phase0": 2.9671199627253237,
  "speedup_vs_phase_b0": 1.638168531144518,
  "vs_fixest_064s": 1.3744388670602348
}