{
  "dataset": "medium",
  "backend": "statspai",
  "warmup": 1,
  "repeats": 2,
  "n_rows": 1000000,
  "rss_before_bytes": 209960960,
  "peak_rss_bytes": 1519026176,
  "peak_rss_delta_bytes": 1309065216,
  "wall": {
    "wall_runs": [
      1.6522538329008967,
      1.7216505829710513
    ],
    "wall_min": 1.6522538329008967,
    "wall_mean": 1.686952207935974,
    "wall_max": 1.7216505829710513
  },
  "coefs": {
    "x1": 0.29850086043246565,
    "x2": -0.19937658546873938
  },
  "se": {
    "x1": 0.000776853867458533,
    "x2": 0.0007762219093348511
  },
  "error": null
}