{
  "dataset": "small",
  "backend": "pyfixest",
  "warmup": 1,
  "repeats": 3,
  "n_rows": 100000,
  "rss_before_bytes": 102023168,
  "peak_rss_bytes": 511361024,
  "peak_rss_delta_bytes": 409337856,
  "wall": {
    "wall_runs": [
      0.07859375001862645,
      0.117509291972965,
      0.08573175012134016
    ],
    "wall_min": 0.07859375001862645,
    "wall_mean": 0.09394493070431054,
    "wall_max": 0.117509291972965
  },
  "coefs": {
    "x1": 0.3002090242055727,
    "x2": -0.2002009107977547
  },
  "se": {
    "x1": 0.0022840035927525135,
    "x2": 0.0023044787367041022
  },
  "error": null
}