{
  "dataset": "small",
  "backend": "statspai",
  "warmup": 1,
  "repeats": 3,
  "n_rows": 100000,
  "rss_before_bytes": 102121472,
  "peak_rss_bytes": 555909120,
  "peak_rss_delta_bytes": 453787648,
  "wall": {
    "wall_runs": [
      0.06413479195907712,
      0.06482279114425182,
      0.06370116584002972
    ],
    "wall_min": 0.06370116584002972,
    "wall_mean": 0.06421958298111956,
    "wall_max": 0.06482279114425182
  },
  "coefs": {
    "x1": 0.30020902420557277,
    "x2": -0.20020091079775448
  },
  "se": {
    "x1": 0.0022840035927256595,
    "x2": 0.0023044787366853
  },
  "error": null
}