{
  "runs": [
    {
      "dataset": "small",
      "backend": "fixest",
      "warmup": 1,
      "repeats": 3,
      "n_rows": 100000,
      "load_seconds": 0.055,
      "peak_rss_mb": 121,
      "wall": {
        "wall_runs": [
          0.043,
          0.09,
          0.069
        ],
        "wall_min": 0.043,
        "wall_mean": 0.06733333333333,
        "wall_max": 0.09
      },
      "coefs": {
        "x1": 0.3002090242048,
        "x2": -0.2002009107972
      },
      "se": {
        "x1": 0.00228400146254,
        "x2": 0.002304476552523
      },
      "iterations": 5
    },
    {
      "dataset": "small",
      "backend": "pyfixest",
      "warmup": 1,
      "repeats": 3,
      "n_rows": 100000,
      "rss_before_bytes": 102023168,
      "peak_rss_bytes": 511361024,
      "peak_rss_delta_bytes": 409337856,
      "wall": {
        "wall_runs": [
          0.07859375001862645,
          0.117509291972965,
          0.08573175012134016
        ],
        "wall_min": 0.07859375001862645,
        "wall_mean": 0.09394493070431054,
        "wall_max": 0.117509291972965
      },
      "coefs": {
        "x1": 0.3002090242055727,
        "x2": -0.2002009107977547
      },
      "se": {
        "x1": 0.0022840035927525135,
        "x2": 0.0023044787367041022
      },
      "error": null
    },
    {
      "dataset": "small",
      "backend": "statspai",
      "warmup": 1,
      "repeats": 3,
      "n_rows": 100000,
      "rss_before_bytes": 102121472,
      "peak_rss_bytes": 555909120,
      "peak_rss_delta_bytes": 453787648,
      "wall": {
        "wall_runs": [
          0.06413479195907712,
          0.06482279114425182,
          0.06370116584002972
        ],
        "wall_min": 0.06370116584002972,
        "wall_mean": 0.06421958298111956,
        "wall_max": 0.06482279114425182
      },
      "coefs": {
        "x1": 0.30020902420557277,
        "x2": -0.20020091079775448
      },
      "se": {
        "x1": 0.0022840035927256595,
        "x2": 0.0023044787366853
      },
      "error": null
    },
    {
      "dataset": "medium",
      "backend": "fixest",
      "warmup": 1,
      "repeats": 2,
      "n_rows": 1000000,
      "load_seconds": 0.262,
      "peak_rss_mb": 518.6,
      "wall": {
        "wall_runs": [
          0.694,
          0.594
        ],
        "wall_min": 0.594,
        "wall_mean": 0.644,
        "wall_max": 0.694
      },
      "coefs": {
        "x1": 0.2985008604324,
        "x2": -0.1993765854687
      },
      "se": {
        "x1": 0.0007768538713504,
        "x2": 0.0007762219125757
      },
      "iterations": 6
    },
    {
      "dataset": "medium",
      "backend": "pyfixest",
      "warmup": 1,
      "repeats": 2,
      "n_rows": 1000000,
      "rss_before_bytes": 208158720,
      "peak_rss_bytes": 1538129920,
      "peak_rss_delta_bytes": 1329971200,
      "wall": {
        "wall_runs": [
          1.9175075420644134,
          2.1018913330044597
        ],
        "wall_min": 1.9175075420644134,
        "wall_mean": 2.0096994375344366,
        "wall_max": 2.1018913330044597
      },
      "coefs": {
        "x1": 0.29850086043246565,
        "x2": -0.19937658546873938
      },
      "se": {
        "x1": 0.000776853867458533,
        "x2": 0.0007762219093348511
      },
      "error": null
    },
    {
      "dataset": "medium",
      "backend": "statspai",
      "warmup": 1,
      "repeats": 2,
      "n_rows": 1000000,
      "rss_before_bytes": 209960960,
      "peak_rss_bytes": 1519026176,
      "peak_rss_delta_bytes": 1309065216,
      "wall": {
        "wall_runs": [
          1.6522538329008967,
          1.7216505829710513
        ],
        "wall_min": 1.6522538329008967,
        "wall_mean": 1.686952207935974,
        "wall_max": 1.7216505829710513
      },
      "coefs": {
        "x1": 0.29850086043246565,
        "x2": -0.19937658546873938
      },
      "se": {
        "x1": 0.000776853867458533,
        "x2": 0.0007762219093348511
      },
      "error": null
    }
  ]
}