{
  "datasets": {
    "medium": {
      "config": {
        "n": 1000000,
        "fe1_card": 100000,
        "fe2_card": 1000,
        "seed": 43
      },
      "n_rows": 1000000,
      "statspai": {
        "wall_min": 0.13518087519332767,
        "wall_mean": 0.1357012224228432,
        "n_runs": 3,
        "coef": {
          "x1": 0.29995277603470477,
          "x2": -0.2017701666154102
        },
        "se": {
          "x1": 0.0010533848798775225,
          "x2": 0.0010555318690953826
        }
      },
      "pyfixest": {
        "wall_min": 0.2095034159719944,
        "wall_mean": 0.21892262459732592,
        "n_runs": 3,
        "available": true,
        "coef": {
          "x1": 0.29995277603470355,
          "x2": -0.20177016661540814
        },
        "se": {
          "x1": 0.0010533854657401864,
          "x2": 0.0010555324561521368
        }
      },
      "fixest": {
        "wall_min": 0.106,
        "wall_mean": 0.120333333333333,
        "n_runs": 3,
        "coef": {
          "x1": 0.299952776034704,
          "x2": -0.201770166615406
        },
        "se": {
          "x1": 0.0010533854657402,
          "x2": 0.00105553245615213
        },
        "available": true
      },
      "coef_max_abs_diff_vs_fixest": 4.191091917959966e-15
    }
  }
}