{
  "name": "medium",
  "n": 1000000,
  "fe1_cardinality": 100000,
  "fe2_cardinality": 1000,
  "seed": 43,
  "true_beta": {
    "x1": 0.3,
    "x2": -0.2
  },
  "y_mean": 2.111805,
  "y_var": 4.773923415898417,
  "y_zero_share": 0.227404,
  "fe1_unique_observed": 99996,
  "fe2_unique_observed": 1000,
  "bytes_compressed": 24268721,
  "gen_seconds": 0.085,
  "write_seconds": 4.293
}