{
  "meta": {
    "statspai_version": "1.18.0",
    "python": "3.10.20",
    "platform": "macOS-26.5-arm64-arm-64bit",
    "mode": "quick",
    "timestamp_utc": "2026-06-17T08:21:20.480226+00:00"
  },
  "regression": {
    "name": "OLS regression (5 covariates, HC1 SE)",
    "sizes": [
      1000,
      10000
    ],
    "has_statsmodels": true,
    "rows": [
      {
        "n": 1000,
        "sp_regress_s": 0.0009313469442228476,
        "statsmodels_s": 0.00017740259257455668,
        "speedup_vs_sm": "5.2x slower"
      },
      {
        "n": 10000,
        "sp_regress_s": 0.002326139093687137,
        "statsmodels_s": 0.0009349166260411342,
        "speedup_vs_sm": "2.5x slower"
      }
    ]
  },
  "hdfe": {
    "name": "HDFE (two-way FE: unit \u00d7 time)",
    "has_linearmodels": true,
    "rows": [
      {
        "n_units": 500,
        "n_periods": 10,
        "n_obs": 5000,
        "sp_absorb_ols_s": 0.0004120413213968277,
        "linearmodels_panelols_s": 0.013057187548838556,
        "speedup_vs_lm": "31.7x faster"
      },
      {
        "n_units": 2000,
        "n_periods": 10,
        "n_obs": 20000,
        "sp_absorb_ols_s": 0.0013100693468004465,
        "linearmodels_panelols_s": 0.022736667073331773,
        "speedup_vs_lm": "17.4x faster"
      }
    ]
  },
  "did": {
    "name": "Staggered DID (4 cohorts, 8 periods)",
    "rows": [
      {
        "n_units": 200,
        "n_obs": 1600,
        "cs2021_s": 0.00859366706572473,
        "wooldridge_s": 0.020539583172649145
      },
      {
        "n_units": 1000,
        "n_obs": 8000,
        "cs2021_s": 0.009709333535283804,
        "wooldridge_s": 0.06931939593050629
      }
    ]
  }
}